<?xml version="1.0" encoding="UTF-8"?>
<beans xmlns="http://www.springframework.org/schema/beans"
	xmlns:xsi="http://www.w3.org/2001/XMLSchema-instance" xmlns:context="http://www.springframework.org/schema/context"
	xmlns:mvc="http://www.springframework.org/schema/mvc"
	xsi:schemaLocation="http://www.springframework.org/schema/mvc
						http://www.springframework.org/schema/mvc/spring-mvc-3.0.xsd
						http://www.springframework.org/schema/beans
						http://www.springframework.org/schema/beans/spring-beans-3.0.xsd
						http://www.springframework.org/schema/context
						http://www.springframework.org/schema/context/spring-context-3.0.xsd">

	
	<mvc:annotation-driven/>
	
	 <context:component-scan  
        base-package="br.com.tfdonline" />  
    
        
     <import resource="jasper-views.xml" />
	
	
		
	<bean id="mailSender" class="org.springframework.mail.javamail.JavaMailSenderImpl">
        <property name="host" value="smtp.gmail.com" />
        <property name="port" value="587" />
        <property name="username" value="eanaresearch" />
        <property name="password" value="654321abC!" />
        <property name="javaMailProperties">
            <props>
                <prop key="mail.transport.protocol">smtp</prop>
                <prop key="mail.smtp.auth">true</prop>
                <prop key="mail.smtp.starttls.enable">true</prop>
            </props>
        </property>
    </bean>
	
	<bean id="tilesConfigurer"
    class="org.springframework.web.servlet.view.tiles3.TilesConfigurer">
    <property name="definitions">
        <list>
            <value>/WEB-INF/tiles.xml</value>
        </list>
    </property>
	</bean>
	
	<bean id="viewResolver"
    class="org.springframework.web.servlet.view.UrlBasedViewResolver">
    <property name="viewClass">
        <value>
            org.springframework.web.servlet.view.tiles3.TilesView
        </value>
    </property>
	</bean>
	
	<mvc:interceptors>
    <bean class=
        "br.com.tfdonline.interceptor.AutorizadorInterceptor" />
	</mvc:interceptors>

	
	<mvc:annotation-driven />
	
	<context:component-scan base-package="br.com.tfdonline" />
	
	
	<mvc:resources mapping="/resources/**" location="/resources/"
	cache-period="31556926"/>
	
	
	<!-- Configure the multipart resolver -->
    <bean id="multipartResolver" class="org.springframework.web.multipart.commons.CommonsMultipartResolver">
        
        <!-- one of the properties available; the maximum file size in bytes -->
        <property name="maxUploadSize" value="100000"/>
        
    </bean>
    

	
</beans>