<?xml version="1.0" encoding="UTF-8" ?>  

<!DOCTYPE tiles-definitions PUBLIC  
      "-//Apache Software Foundation//DTD Tiles Configuration 3.0//EN"  
      "http://tiles.apache.org/dtds/tiles-config_3_0.dtd">  
<tiles-definitions>  
 
   <!-- Base Define -->
   <definition name="base.definition" template="/WEB-INF/layouts/classic.jsp">  
       <put-attribute name="title" value="" />  
       <put-attribute name="menu" value="/WEB-INF/views/menu-collapse.jsp" />     
       <put-attribute name="body" value=""/>  
       <put-attribute name="footer" value="/WEB-INF/views/footer.jsp" />  
   </definition>  
   
   <!-- Base Define -->
   <definition name="login.definition" template="/WEB-INF/layouts/classic-login.jsp">  
       <put-attribute name="title" value="" />    
       <put-attribute name="body" value="" />    
   </definition>   
 
 
   <!-- Home Page -->
   <definition name="homepage" extends="base.definition">  
       <put-attribute name="title" value="Pagina Inicial" />  
       <put-attribute name="body" value="/WEB-INF/views/home.jsp" />        
   </definition>
   
   
   <!-- Login Form -->
   <definition name="loginform" extends="login.definition">  
       <put-attribute name="title" value="Login" />  
       <put-attribute name="body" value="/WEB-INF/views/loginform.jsp" />
       <put-attribute name="page_description" value="TFD Login..."/>
         
   </definition>
   
   
   <!--  ###################### Usuario page ################################## -->
  
   <definition name="listausuariospage" extends="base.definition">  
       <put-attribute name="title" value="Lista Usuarios" />  
       <put-attribute name="body" value="/WEB-INF/views/usuarios/lista.jsp" />  
   </definition>
   
   <definition name="usuarioform" extends="base.definition">  
       <put-attribute name="title" value="Detalhes Usuário " />  
       <put-attribute name="body" value="/WEB-INF/views/usuarios/usuarioform.jsp" />  
   </definition>
   
   <definition name="findusuario" extends="base.definition">  
       <put-attribute name="title" value="Localizar Usuario" />  
       <put-attribute name="body" value="/WEB-INF/views/usuarios/find.jsp" />  
   </definition>
   
   <definition name="usuarioshow" extends="base.definition">  
       <put-attribute name="title" value="Usuario" />  
       <put-attribute name="body" value="/WEB-INF/views/usuarios/show.jsp" />  
   </definition>
   
   <definition name="usuariocadastro" extends="base.definition">  
       <put-attribute name="title" value="Novo Usuário" />  
       <put-attribute name="body" value="/WEB-INF/views/usuarios/usuariocadastro.jsp" />  
   </definition>
   
   <definition name="usuariobloqueado" extends="base.definition">  
       <put-attribute name="title" value="Usuario Bloqueado" />  
       <put-attribute name="body" value="/WEB-INF/views/usuarios/usuariobloqueado.jsp" />  
   </definition>
   
     
	<!-- ######################## MOTORISTAS PAGES ########################## -->
	 
   <definition name="listamotoristaspage" extends="base.definition">  
       <put-attribute name="title" value="Lista de Motoristas" />  
       <put-attribute name="body" value="/WEB-INF/views/motoristas/lista.jsp" />  
   </definition>
   
   <definition name="motoristaform" extends="base.definition">  
       <put-attribute name="title" value="Detalhes do Motorista" />  
       <put-attribute name="body" value="/WEB-INF/views/motoristas/motoristaform.jsp" />  
   </definition>
   
   <definition name="findmotorista" extends="base.definition">  
       <put-attribute name="title" value="Localiza Motoristas" />  
       <put-attribute name="body" value="/WEB-INF/views/motoristas/find.jsp" />  
   </definition>   
   
   <definition name="motoristashow" extends="base.definition">  
       <put-attribute name="title" value="Motorista" />  
       <put-attribute name="body" value="/WEB-INF/views/motoristas/show.jsp" />  
   </definition>
   
    <definition name="motoristacadastro" extends="base.definition">  
       <put-attribute name="title" value="Novo Motorista" />  
       <put-attribute name="body" value="/WEB-INF/views/motoristas/motoristacadastro.jsp" />  
   </definition>
	   
	   

<!--  ########################## PACIENTE PAGE ################################-->

   <definition name="listapacientespage" extends="base.definition">  
       <put-attribute name="title" value="Lista de Pacientes" />  
       <put-attribute name="body" value="/WEB-INF/views/pacientes/lista.jsp" />  
   </definition>
   
   <definition name="pacienteform" extends="base.definition">  
       <put-attribute name="title" value="Paciente Detalhes" />  
       <put-attribute name="body" value="/WEB-INF/views/pacientes/pacienteform.jsp" />  
   </definition>
   
   <definition name="findpaciente" extends="base.definition">  
       <put-attribute name="title" value="Localizar Paciente" />  
       <put-attribute name="body" value="/WEB-INF/views/pacientes/find.jsp" />  
   </definition>
   
   <definition name="pacienteshow" extends="base.definition">  
       <put-attribute name="title" value="Paciente Detalhes" />  
       <put-attribute name="body" value="/WEB-INF/views/pacientes/show.jsp" />  
   </definition>
   
   <definition name="pacientecadastro" extends="base.definition">  
       <put-attribute name="title" value="Cadastrar Paciente" />  
       <put-attribute name="body" value="/WEB-INF/views/pacientes/pacientecadastro.jsp" />  
   </definition>


<!--  ########################## Medicos PAGE ################################-->

   <definition name="listamedicospage" extends="base.definition">  
       <put-attribute name="title" value="Lista de Medicos" />  
       <put-attribute name="body" value="/WEB-INF/views/medicos/lista.jsp" />  
   </definition>
   
   <definition name="medicoform" extends="base.definition">  
       <put-attribute name="title" value="Medico Detalhes" />  
       <put-attribute name="body" value="/WEB-INF/views/medicos/medicoform.jsp" />  
   </definition>
   
   
   <definition name="medicoshow" extends="base.definition">  
       <put-attribute name="title" value="Medico Detalhes" />  
       <put-attribute name="body" value="/WEB-INF/views/medicos/show.jsp" />  
   </definition>
   
   <definition name="medicocadastro" extends="base.definition">  
       <put-attribute name="title" value="Cadastrar Medico" />  
       <put-attribute name="body" value="/WEB-INF/views/medicos/medicocadastro.jsp" />  
   </definition>
   
   
   <!-- ############### UNIDADE SAUDE PageS ######################-->
   
    <!--  Unidade Saude page -->
   <definition name="listaunidadesaudespage" extends="base.definition">  
       <put-attribute name="title" value="Lista Unidades Saudes" />  
       <put-attribute name="body" value="/WEB-INF/views/unidadesaudes/lista.jsp" />  
   </definition>
   
   
   <definition name="unidadesaudeform" extends="base.definition">  
       <put-attribute name="title" value="Unidades Saude " />  
       <put-attribute name="body" value="/WEB-INF/views/unidadesaudes/unidadesaudeform.jsp" />  
   </definition>
   
   <definition name="findunidadesaude" extends="base.definition">  
       <put-attribute name="title" value="Localizar Unidade Saude" />  
       <put-attribute name="body" value="/WEB-INF/views/unidadesaudes/find.jsp" />  
   </definition>
   
   
   <definition name="unidadesaudeshow" extends="base.definition">  
       <put-attribute name="title" value="Unidades de Saude" />  
       <put-attribute name="body" value="/WEB-INF/views/unidadesaudes/show.jsp" />  
   </definition>
   
   <definition name="unidadesaudecadastro" extends="base.definition">  
       <put-attribute name="title" value="Unidades de Saude" />  
       <put-attribute name="body" value="/WEB-INF/views/unidadesaudes/unidadecadastro.jsp" />  
   </definition>
   

	<!-- ################ ACOMPANHANTES PAGES  ########################### -->


   <definition name="listaacompanhantespage" extends="base.definition">  
       <put-attribute name="title" value="Lista Acompanhantes" />  
       <put-attribute name="body" value="/WEB-INF/views/acompanhantes/lista.jsp" />  
   </definition>
   
   <definition name="acompanhanteform" extends="base.definition">  
       <put-attribute name="title" value="Acompanhante " />  
       <put-attribute name="body" value="/WEB-INF/views/acompanhantes/acompanhanteform.jsp" />  
   </definition>
   
   <definition name="findacompanhante" extends="base.definition">  
       <put-attribute name="title" value="Localizar Acompanhante" />  
       <put-attribute name="body" value="/WEB-INF/views/acompanhantes/find.jsp" />  
   </definition>
   
   <definition name="acompanhanteshow" extends="base.definition">  
       <put-attribute name="title" value="Acompanhante" />  
       <put-attribute name="body" value="/WEB-INF/views/acompanhantes/show.jsp" />  
   </definition>
   
   
   <!-- ################ BENEFICIOS PAGES  ########################### -->
   
   <definition name="listabeneficiospage" extends="base.definition">  
       <put-attribute name="title" value="Lista Beneficios" />  
       <put-attribute name="body" value="/WEB-INF/views/beneficios/lista.jsp" />  
   </definition>
   
   <definition name="beneficioform" extends="base.definition">  
       <put-attribute name="title" value="Beneficio" />  
       <put-attribute name="body" value="/WEB-INF/views/beneficios/beneficioform.jsp" />  
   </definition>
   
   <definition name="findbeneficio" extends="base.definition">  
       <put-attribute name="title" value="Localizar Beneficio" />  
       <put-attribute name="body" value="/WEB-INF/views/beneficios/find.jsp" />  
   </definition>
   
   <definition name="beneficioshow" extends="base.definition">  
       <put-attribute name="title" value="Beneficio" />  
       <put-attribute name="body" value="/WEB-INF/views/beneficios/show.jsp" />  
   </definition>
   
    <definition name="selectbeneficioencaminhamentoform" extends="base.definition">  
       <put-attribute name="title" value="Beneficio Encaminhamento" />  
       <put-attribute name="body" value="/WEB-INF/views/beneficios/selectencaminhamentoform.jsp" />  
   </definition>
   
   
   <!-- ################ BENEFICIOAVULSO PAGES  ########################### -->
   
   <definition name="listabeneficioavulsospage" extends="base.definition">  
       <put-attribute name="title" value="Lista BeneficioAvulso" />  
       <put-attribute name="body" value="/WEB-INF/views/beneficioavulsos/lista.jsp" />  
   </definition>
   
   <definition name="beneficioavulsoform" extends="base.definition">  
       <put-attribute name="title" value="BeneficioAvulso" />  
       <put-attribute name="body" value="/WEB-INF/views/beneficioavulsos/beneficioavulsoform.jsp" />  
   </definition>   
     
   <definition name="beneficioavulsocadastro" extends="base.definition">  
       <put-attribute name="title" value="BeneficioAvulso" />  
       <put-attribute name="body" value="/WEB-INF/views/beneficioavulsos/beneficioavulsocadastro.jsp" />  
   </definition>
   
   <definition name="findbeneficioavulso" extends="base.definition">  
       <put-attribute name="title" value="Localizar BeneficioAvulso" />  
       <put-attribute name="body" value="/WEB-INF/views/beneficioavulsos/find.jsp" />  
   </definition>
   
   <definition name="beneficioavulsoshow" extends="base.definition">  
       <put-attribute name="title" value="BeneficioAvulso" />  
       <put-attribute name="body" value="/WEB-INF/views/beneficioavulsos/show.jsp" />  
   </definition>
   
   <definition name="selectpacienteform.beneficioavulso" extends="base.definition">  
       <put-attribute name="title" value="BeneficioAvulso -> Paciente" />  
       <put-attribute name="body" value="/WEB-INF/views/beneficioavulsos/selectpacienteform.jsp" />  
   </definition>
   
   <definition name="selectunidadesaudeform.beneficioavulso" extends="base.definition">  
       <put-attribute name="title" value="BeneficioAvulso -> Unidade Saude" />  
       <put-attribute name="body" value="/WEB-INF/views/beneficioavulsos/selectunidadesaudeform.jsp" />  
   </definition>
   
   <definition name="selectprocedimentoform.beneficioavulso" extends="base.definition">  
       <put-attribute name="title" value="BeneficioAvulso -> Procedimento" />  
       <put-attribute name="body" value="/WEB-INF/views/beneficioavulsos/selectprocedimentoform.jsp" />  
   </definition>
   
    <definition name="selectacompanhanteform.beneficioavulso" extends="base.definition">  
       <put-attribute name="title" value="BeneficioAvulso -> Acompanhante" />  
       <put-attribute name="body" value="/WEB-INF/views/beneficioavulsos/selectacompanhanteform.jsp" />  
   </definition>
   
   
   
   	<!-- ####################### VEICULOS PAGES ############################## -->
   
   <definition name="listaveiculospage" extends="base.definition">  
       <put-attribute name="title" value="Lista de VeicuLos" />  
       <put-attribute name="body" value="/WEB-INF/views/veiculos/lista.jsp" />  
   </definition>
   
   <definition name="veiculoform" extends="base.definition">  
       <put-attribute name="title" value="Detalhes do Veiculo" />  
       <put-attribute name="body" value="/WEB-INF/views/veiculos/veiculoform.jsp" />  
   </definition>
   
   <definition name="findveiculo" extends="base.definition">  
       <put-attribute name="title" value="Localizar Beneficio" />  
       <put-attribute name="body" value="/WEB-INF/views/veiculos/find.jsp" />  
   </definition>
   
   <definition name="veiculocadastro" extends="base.definition">  
       <put-attribute name="title" value="Cadastro de Veiculo" />  
       <put-attribute name="body" value="/WEB-INF/views/veiculos/veiculocadastro.jsp" />  
   </definition>
   
   
  
   
   <!-- ###################### Procedimento pages #########################-->
   
   <definition name="listaprocedimentospage" extends="base.definition">  
       <put-attribute name="title" value="Lista de Procedimentos" />  
       <put-attribute name="body" value="/WEB-INF/views/procedimentos/lista.jsp" />  
   </definition>
   
   <definition name="procedimentoform" extends="base.definition">  
       <put-attribute name="title" value="Procedimento" />  
       <put-attribute name="body" value="/WEB-INF/views/procedimentos/procedimentoform.jsp" />  
   </definition>
   
   <definition name="findprocedimento" extends="base.definition">  
       <put-attribute name="title" value="Localizar Procedimento" />  
       <put-attribute name="body" value="/WEB-INF/views/procedimentos/find.jsp" />  
   </definition>
   
   <definition name="procedimentocadastro" extends="base.definition">  
       <put-attribute name="title" value="Adcionando Procedimento" />  
       <put-attribute name="body" value="/WEB-INF/views/procedimentos/procedimentocadastro.jsp" />  
   </definition>
   
   
   <!-- ################ MARCACAO PAGES  ########################### -->
   
   <definition name="listamarcacaospage" extends="base.definition">  
       <put-attribute name="title" value="Lista Marcacaos" />  
       <put-attribute name="body" value="/WEB-INF/views/marcacaos/lista.jsp" />  
   </definition>
   
   <definition name="marcacaoform" extends="base.definition">  
       <put-attribute name="title" value="Marcacao" />  
       <put-attribute name="body" value="/WEB-INF/views/marcacaos/marcacaoform.jsp" />  
   </definition>   
     
   <definition name="marcacaocadastro" extends="base.definition">  
       <put-attribute name="title" value="Marcacao" />  
       <put-attribute name="body" value="/WEB-INF/views/marcacaos/marcacaocadastro.jsp" />  
   </definition>
   
   <definition name="findmarcacao" extends="base.definition">  
       <put-attribute name="title" value="Localizar Marcacao" />  
       <put-attribute name="body" value="/WEB-INF/views/marcacaos/find.jsp" />  
   </definition>
   
   <definition name="marcacaoshow" extends="base.definition">  
       <put-attribute name="title" value="Marcacao" />  
       <put-attribute name="body" value="/WEB-INF/views/marcacaos/show.jsp" />  
   </definition>
   
   <definition name="selectpacienteform" extends="base.definition">  
       <put-attribute name="title" value="Marcacao -> Paciente" />  
       <put-attribute name="body" value="/WEB-INF/views/marcacaos/selectpacienteform.jsp" />  
   </definition>
   
   <definition name="selectunidadesaudeform" extends="base.definition">  
       <put-attribute name="title" value="Marcacao -> Unidade Saude" />  
       <put-attribute name="body" value="/WEB-INF/views/marcacaos/selectunidadesaudeform.jsp" />  
   </definition>
   
   <definition name="selectprocedimentoform" extends="base.definition">  
       <put-attribute name="title" value="Marcacao -> Procedimento" />  
       <put-attribute name="body" value="/WEB-INF/views/marcacaos/selectprocedimentoform.jsp" />  
   </definition>
   
    <definition name="selectacompanhanteform" extends="base.definition">  
       <put-attribute name="title" value="Marcacao -> Acompanhante" />  
       <put-attribute name="body" value="/WEB-INF/views/marcacaos/selectacompanhanteform.jsp" />  
   </definition>
   
   <definition name="selectrequisicaoform" extends="base.definition">  
       <put-attribute name="title" value="Marcacao -> Acompanhante" />  
       <put-attribute name="body" value="/WEB-INF/views/marcacaos/selectrequisicaoform.jsp" />  
   </definition>
   
   
      
    <!-- ################ ENCAMINHAMENTOS PAGES  ########################### -->
   
   <definition name="listaencaminhamentospage" extends="base.definition">  
       <put-attribute name="title" value="Lista Encaminhamentos" />  
       <put-attribute name="body" value="/WEB-INF/views/encaminhamentos/lista.jsp" />  
   </definition>
   
   <definition name="encaminhamentoform" extends="base.definition">  
       <put-attribute name="title" value="Encaminhamento" />  
       <put-attribute name="body" value="/WEB-INF/views/encaminhamentos/encaminhamentoform.jsp" />  
   </definition>
   
   <definition name="findencaminhamento" extends="base.definition">  
       <put-attribute name="title" value="Localizar Encaminhamento" />  
       <put-attribute name="body" value="/WEB-INF/views/encaminhamentos/find.jsp" />  
   </definition>
   
   <definition name="encaminhamentoshow" extends="base.definition">  
       <put-attribute name="title" value="Encaminhamento" />  
       <put-attribute name="body" value="/WEB-INF/views/encaminhamentos/show.jsp" />  
   </definition>
   
   
   <definition name="encaminhamentolote" extends="base.definition">  
       <put-attribute name="title" value="Encaminhamento em Lote" />  
       <put-attribute name="body" value="/WEB-INF/views/encaminhamentos/encaminhamentolote.jsp" />  
   </definition>
   
   <definition name="encaminhamentoloteprocessado" extends="base.definition">  
       <put-attribute name="title" value="Encaminhamento em Lote" />  
       <put-attribute name="body" value="/WEB-INF/views/encaminhamentos/encaminhamentoloteprocessado.jsp" />  
   </definition>
      
   <definition name="selectdistribuicaoform" extends="base.definition">  
       <put-attribute name="title" value="Encaminhamento -> Distribuicao" />  
       <put-attribute name="body" value="/WEB-INF/views/encaminhamentos/selectdistribuicaoform.jsp" />  
   </definition>
   
     
   <definition name="selectmarcacaoform" extends="base.definition">  
       <put-attribute name="title" value="Encaminhamento -> Marcacao" />  
       <put-attribute name="body" value="/WEB-INF/views/encaminhamentos/selectmarcacaoform.jsp" />  
   </definition>
   
   
    <!-- ################ ENCAMINHAMENTO VOLTA PAGES  ########################### -->
   
   <definition name="listaencaminhamentovoltaspage" extends="base.definition">  
       <put-attribute name="title" value="Lista Encaminhamentos" />  
       <put-attribute name="body" value="/WEB-INF/views/encaminhamentovoltas/lista.jsp" />  
   </definition>
   
   <definition name="encaminhamentovoltaform" extends="base.definition">  
       <put-attribute name="title" value="Encaminhamento" />  
       <put-attribute name="body" value="/WEB-INF/views/encaminhamentovoltas/encaminhamentovoltaform.jsp" />  
   </definition>
   
   <definition name="findencaminhamentovolta" extends="base.definition">  
       <put-attribute name="title" value="Localizar Encaminhamento" />  
       <put-attribute name="body" value="/WEB-INF/views/encaminhamentovoltas/find.jsp" />  
   </definition>
   
   <definition name="encaminhamentovoltashow" extends="base.definition">  
       <put-attribute name="title" value="Encaminhamento" />  
       <put-attribute name="body" value="/WEB-INF/views/encaminhamentovoltas/show.jsp" />  
   </definition>
   
   
   <definition name="encaminhamentovoltalote" extends="base.definition">  
       <put-attribute name="title" value="Encaminhamento em Lote" />  
       <put-attribute name="body" value="/WEB-INF/views/encaminhamentovoltas/encaminhamentovoltalote.jsp" />  
   </definition>
   
   <definition name="encaminhamentovoltaloteprocessado" extends="base.definition">  
       <put-attribute name="title" value="Encaminhamento em Lote" />  
       <put-attribute name="body" value="/WEB-INF/views/encaminhamentovoltas/encaminhamentovoltaloteprocessado.jsp" />  
   </definition>
   
   
   <definition name="selectdistribuicaoencaminhamentovoltaform" extends="base.definition">  
       <put-attribute name="title" value="Encaminhamento Volta-> Distribuicao" />  
       <put-attribute name="body" value="/WEB-INF/views/encaminhamentovoltas/selectdistribuicaoform.jsp" />  
   </definition>
   
   <definition name="selectpacienteencaminhamentovoltaform" extends="base.definition">  
       <put-attribute name="title" value="Encaminhamento Volta-> Paciente" />  
       <put-attribute name="body" value="/WEB-INF/views/encaminhamentovoltas/selectpacienteform.jsp" />  
   </definition>
    
 
   
      <!-- ################ DISTRIBUICAO PAGES  ########################### -->
      
   <definition name="listadistribuicaospage" extends="base.definition">  
       <put-attribute name="title" value="Lista Distribuicaos" />  
       <put-attribute name="body" value="/WEB-INF/views/distribuicaos/lista.jsp" />  
   </definition>
   
   <definition name="distribuicaoform" extends="base.definition">  
       <put-attribute name="title" value="Distribuicao" />  
       <put-attribute name="body" value="/WEB-INF/views/distribuicaos/distribuicaoform.jsp" />  
   </definition>
   
   <definition name="finddistribuicao" extends="base.definition">  
       <put-attribute name="title" value="Localizar Distribuicao" />  
       <put-attribute name="body" value="/WEB-INF/views/distribuicaos/find.jsp" />  
   </definition>
   
   <definition name="distribuicaoshow" extends="base.definition">  
       <put-attribute name="title" value="Distribuicao" />  
       <put-attribute name="body" value="/WEB-INF/views/distribuicaos/show.jsp" />  
   </definition>
   
   <definition name="selectmotoristaform" extends="base.definition">  
       <put-attribute name="title" value="Distribuicao -> Paciente" />  
       <put-attribute name="body" value="/WEB-INF/views/distribuicaos/selectmotoristaform.jsp" />  
   </definition>
   
   <definition name="selectveiculoform" extends="base.definition">  
       <put-attribute name="title" value="Distribuicao -> Unidade Saude" />  
       <put-attribute name="body" value="/WEB-INF/views/distribuicaos/selectveiculoform.jsp" />  
   </definition>


<!-- ################ REQUISICAO PAGES  ########################### -->
      
   <definition name="listarequisicaospage" extends="base.definition">  
       <put-attribute name="title" value="Lista Requisicaos" />  
       <put-attribute name="body" value="/WEB-INF/views/requisicaos/lista.jsp" />  
   </definition>
   
   <definition name="requisicaoform" extends="base.definition">  
       <put-attribute name="title" value="Requisicao" />  
       <put-attribute name="body" value="/WEB-INF/views/requisicaos/requisicaoform.jsp" />  
   </definition>
   
   <definition name="requisicaocadastro" extends="base.definition">  
       <put-attribute name="title" value="Requisicao" />  
       <put-attribute name="body" value="/WEB-INF/views/requisicaos/requisicaocadastro.jsp" />  
   </definition>
   
   <definition name="findrequisicao" extends="base.definition">  
       <put-attribute name="title" value="Localizar Requisicao" />  
       <put-attribute name="body" value="/WEB-INF/views/requisicaos/find.jsp" />  
   </definition>
   
   <definition name="requisicaoshow" extends="base.definition">  
       <put-attribute name="title" value="Requisicao" />  
       <put-attribute name="body" value="/WEB-INF/views/requisicaos/show.jsp" />  
   </definition>
   
   <definition name="selectmedicoform" extends="base.definition">  
       <put-attribute name="title" value="Requisicao -> Medico" />  
       <put-attribute name="body" value="/WEB-INF/views/requisicaos/selectmedicoform.jsp" />  
   </definition>
   
   <definition name="selectmedicoautorizadorform" extends="base.definition">  
       <put-attribute name="title" value="Localizar Requisicao" />  
       <put-attribute name="body" value="/WEB-INF/views/requisicaos/selectmedicoautorizadorform.jsp" />  
   </definition>
   
   <definition name="selectprocedimentoform.requisicao" extends="base.definition">  
       <put-attribute name="title" value="Requisicao -> Procedimento" />  
       <put-attribute name="body" value="/WEB-INF/views/requisicaos/selectprocedimentoform.jsp" />  
   </definition>
   
   <definition name="selectpacienteform" extends="base.definition">  
       <put-attribute name="title" value="Requisicao -> Paciente" />  
       <put-attribute name="body" value="/WEB-INF/views/requisicaos/selectpacienteform.jsp" />  
   </definition>
   
   <definition name="uploadformpage" extends="base.definition">  
       <put-attribute name="title" value="Requisicao- Upload" />  
       <put-attribute name="body" value="/WEB-INF/views/requisicaos/uploadform.jsp" />  
   </definition>
   
   
   <!-- ################ SECRETARIO PAGES  ########################### -->
      
   <definition name="listasecretariospage" extends="base.definition">  
       <put-attribute name="title" value="Lista Secretarios" />  
       <put-attribute name="body" value="/WEB-INF/views/secretarios/lista.jsp" />  
   </definition>
   
   <definition name="secretarioform" extends="base.definition">  
       <put-attribute name="title" value="Secretario" />  
       <put-attribute name="body" value="/WEB-INF/views/secretarios/secretarioform.jsp" />  
   </definition>
   
   <definition name="secretariocadastro" extends="base.definition">  
       <put-attribute name="title" value="Secretario" />  
       <put-attribute name="body" value="/WEB-INF/views/secretarios/secretariocadastro.jsp" />  
   </definition>
   
   <definition name="findsecretario" extends="base.definition">  
       <put-attribute name="title" value="Localizar Secretario" />  
       <put-attribute name="body" value="/WEB-INF/views/secretarios/find.jsp" />  
   </definition>
   
   <definition name="secretarioshow" extends="base.definition">  
       <put-attribute name="title" value="Secretario" />  
       <put-attribute name="body" value="/WEB-INF/views/secretarios/show.jsp" />  
   </definition>
   
   <definition name="uploadformpage.secretario" extends="base.definition">  
       <put-attribute name="title" value="Secretario -> Assinatura" />  
       <put-attribute name="body" value="/WEB-INF/views/secretarios/uploadform.jsp" />  
   </definition>
   
  
<!-- ####################### Transacao PAGES ############################## -->
   
   <definition name="listatransacaospage" extends="base.definition">  
       <put-attribute name="title" value="Lista de Transacoes" />  
       <put-attribute name="body" value="/WEB-INF/views/transacaos/lista.jsp" />  
   </definition>
   
   <definition name="transacaoform" extends="base.definition">  
       <put-attribute name="title" value="Detalhes da Transação" />  
       <put-attribute name="body" value="/WEB-INF/views/transacaos/transacaoform.jsp" />  
   </definition>
   
   <definition name="transacaocadastro" extends="base.definition">  
       <put-attribute name="title" value="Cadastro de Veiculo" />  
       <put-attribute name="body" value="/WEB-INF/views/transacaos/transacaocadastro.jsp" />  
   </definition>
   
  
  <!-- ####################### RELATORIOS PAGES ############################## -->
   
   <definition name="encaminhamentopormotoristaedatareportpage" extends="base.definition">  
       <put-attribute name="title" value="Relatorio Enc por Motorista" />  
       <put-attribute name="body" value="/WEB-INF/views/encaminhamentos/encaminhamentopormotoristaedatareportpage.jsp" />  
   </definition>

	<definition name="beneficiosporperiodoreportpage" extends="base.definition">  
       <put-attribute name="title" value="Relatorio Enc por Motorista" />  
       <put-attribute name="body" value="/WEB-INF/views/beneficios/beneficiosporperiodoreportpage.jsp" />  
   </definition>      
 
   <definition name="registrosmsreportpage" extends="base.definition">  
       <put-attribute name="title" value="Relatorio Enc por Motorista" />  
       <put-attribute name="body" value="/WEB-INF/views/registrosmss/registrosmsmsporperiodoreportpage.jsp" />  
   </definition>
   
   <definition name="cartaopacientepage" extends="base.definition">  
       <put-attribute name="title" value="Relatorio Enc por Motorista" />  
       <put-attribute name="body" value="/WEB-INF/views/pacientes/cartaopaciente.jsp" />  
   </definition>
   
   <definition name="comprovantemarcacaoreportpage" extends="base.definition">  
       <put-attribute name="title" value="Comprovante Marcacao" />  
       <put-attribute name="body" value="/WEB-INF/views/marcacaos/comprovantemarcacaoreportpage.jsp" />  
   </definition>
   
   
   <!-- ####################### AJUDA PAGES ############################## -->
   
   <definition name="contatopage" extends="base.definition">  
       <put-attribute name="title" value="Relatorio Enc por Motorista" />  
       <put-attribute name="body" value="/WEB-INF/views/contato.jsp" />  
   </definition>
 
</tiles-definitions>

